,AP,TP,RH,GHI,DHI
AP,1,0.52250049,-0.500852325,0.994140576,0.533870442
TP,0.52250049,1,-0.600619111,0.541646067,0.392343401
RH,-0.500852325,-0.600619111,1,-0.496897859,-0.235173076
GHI,0.994140576,0.541646067,-0.496897859,1,0.542579797
DHI,0.533870442,0.392343401,-0.235173076,0.542579797,1
